{
  "accuracy": 0.9193548387096774,
  "macro_f1": 0.9227053140096618
}