{
  "accuracy": 0.988951603218446,
  "macro_f1": 0.9888728573209992
}